id,title,content,meta_keywords
1,What is Vector Database,"A vector database is a type of database that stores and manages data as high-dimensional vectors. These vectors are mathematical representations of features or attributes, where the number of dimensions can range from tens to thousands, depending on the complexity and granularity of the data.

## How Vector Databases Work

Vector databases index and store vector embeddings for fast retrieval and similarity search. They use specialized indexing algorithms such as HNSW, IVF, and others to enable efficient approximate nearest neighbor (ANN) searches.

## Key Features

- **Similarity Search**: Find the most similar items based on vector distance
- **Scalability**: Handle billions of vectors efficiently
- **Real-time Updates**: Support dynamic insertion and deletion
- **Hybrid Search**: Combine vector search with traditional filtering

## Use Cases

Vector databases are widely used in AI applications including:

1. Recommendation systems
2. Image and video search
3. Natural language processing
4. Anomaly detection",vector database,similarity search,vector search,ANN
2,What is Milvus,"Milvus is an open-source vector database built for scalable similarity search. It supports multiple index types and billion-scale vector search with high performance.

## Architecture

Milvus uses a cloud-native architecture with separated storage and compute. This design enables elastic scaling and high availability.

## Getting Started

You can install Milvus using Docker, Kubernetes, or the standalone binary. The quickest way to get started is with Milvus Lite, which runs embedded in your Python application.

## Why Choose Milvus

- Open source and community driven
- Production-ready with enterprise features
- Rich SDK support for multiple programming languages
- Active development and regular releases",milvus,vector database,open source,similarity search
3,What is RAG,"Retrieval-Augmented Generation (RAG) is a technique that enhances large language models by providing them with relevant context retrieved from external knowledge sources.

## How RAG Works

1. **Indexing**: Documents are split into chunks and converted to vector embeddings
2. **Retrieval**: When a query comes in, relevant chunks are retrieved using similarity search
3. **Generation**: The retrieved context is passed to the LLM along with the query to generate an accurate response

## Benefits of RAG

- Reduces hallucination in LLM responses
- Enables access to up-to-date information
- Provides source attribution for generated answers
- More cost-effective than fine-tuning

## RAG with Milvus

Milvus is commonly used as the vector store in RAG pipelines, providing fast and accurate retrieval of relevant document chunks.",RAG,retrieval augmented generation,LLM,vector search
